{
  "js\\animation.js": 1774279370.0475988,
  "js\\astronomy.js": 1775568153.1774776,
  "js\\constants.js": 1773655477.502087,
  "js\\planets.js": 1775569928.746964,
  "js\\scene.js": 1773674916.1708395,
  "js\\state.js": 1775567952.9171326,
  "js\\ui.js": 1775569852.6050127,
  "CLAUDE.md": 1775568685.1697242,
  "README.md": 1775569105.5041952
}